{
  "logreg": {
    "f1_macro": 0.7583095045908608,
    "val_auc": 0.8651048246515148,
    "test_auc": 0.8667492331156597,
    "report": {
      "High Risk": {
        "precision": 0.9416863672182821,
        "recall": 0.9945900957136912,
        "f1-score": 0.9674155029346286,
        "support": 2403.0
      },
      "Low Risk": {
        "precision": 0.5578947368421052,
        "recall": 1.0,
        "f1-score": 0.7162162162162162,
        "support": 318.0
      },
      "Moderate Risk": {
        "precision": 0.8951612903225806,
        "recall": 0.2172211350293542,
        "f1-score": 0.34960629921259845,
        "support": 511.0
      },
      "Other": {
        "precision": 1.0,
        "recall": 1.0,
        "f1-score": 1.0,
        "support": 304.0
      },
      "accuracy": 0.8832013574660633,
      "macro avg": {
        "precision": 0.848685598595742,
        "recall": 0.8029528076857614,
        "f1-score": 0.7583095045908608,
        "support": 3536.0
      },
      "weighted avg": {
        "precision": 0.9054610537602262,
        "recall": 0.8832013574660633,
        "f1-score": 0.8583441824678469,
        "support": 3536.0
      }
    },
    "cm": [
      [
        2390,
        0,
        13,
        0
      ],
      [
        0,
        318,
        0,
        0
      ],
      [
        148,
        252,
        111,
        0
      ],
      [
        0,
        0,
        0,
        304
      ]
    ]
  },
  "rf": {
    "f1_macro": 0.4632209405501331,
    "val_auc": 1.0,
    "test_auc": 1.0,
    "report": {
      "High Risk": {
        "precision": 0.7435024752475248,
        "recall": 1.0,
        "f1-score": 0.8528837622005324,
        "support": 2403.0
      },
      "Low Risk": {
        "precision": 0.0,
        "recall": 0.0,
        "f1-score": 0.0,
        "support": 318.0
      },
      "Moderate Risk": {
        "precision": 0.0,
        "recall": 0.0,
        "f1-score": 0.0,
        "support": 511.0
      },
      "Other": {
        "precision": 1.0,
        "recall": 1.0,
        "f1-score": 1.0,
        "support": 304.0
      },
      "accuracy": 0.7655542986425339,
      "macro avg": {
        "precision": 0.4358756188118812,
        "recall": 0.5,
        "f1-score": 0.4632209405501331,
        "support": 3536.0
      },
      "weighted avg": {
        "precision": 0.5912433393721158,
        "recall": 0.7655542986425339,
        "f1-score": 0.6655768327397849,
        "support": 3536.0
      }
    },
    "cm": [
      [
        2403,
        0,
        0,
        0
      ],
      [
        318,
        0,
        0,
        0
      ],
      [
        511,
        0,
        0,
        0
      ],
      [
        0,
        0,
        0,
        304
      ]
    ]
  }
}