{
  "logreg": {
    "val_auc": 0.8516532993360034,
    "test_auc": 0.8525559689419003,
    "val_ap": null,
    "test_ap": null,
    "report": {
      "Clear": {
        "precision": 0.3148148148148148,
        "recall": 0.6938775510204082,
        "f1-score": 0.43312101910828027,
        "support": 49.0
      },
      "Customs": {
        "precision": 0.0,
        "recall": 0.0,
        "f1-score": 0.0,
        "support": 37.0
      },
      "Detour": {
        "precision": 0.0,
        "recall": 0.0,
        "f1-score": 0.0,
        "support": 52.0
      },
      "Heavy": {
        "precision": 0.0,
        "recall": 0.0,
        "f1-score": 0.0,
        "support": 49.0
      },
      "High Risk": {
        "precision": 0.7435024752475248,
        "recall": 1.0,
        "f1-score": 0.8528837622005324,
        "support": 2403.0
      },
      "Low Risk": {
        "precision": 0.0,
        "recall": 0.0,
        "f1-score": 0.0,
        "support": 318.0
      },
      "Moderate Risk": {
        "precision": 0.0,
        "recall": 0.0,
        "f1-score": 0.0,
        "support": 511.0
      },
      "Shortage": {
        "precision": 0.0,
        "recall": 0.0,
        "f1-score": 0.0,
        "support": 40.0
      },
      "Strike": {
        "precision": 0.18877551020408162,
        "recall": 1.0,
        "f1-score": 0.31759656652360513,
        "support": 37.0
      },
      "Weather": {
        "precision": 0.0,
        "recall": 0.0,
        "f1-score": 0.0,
        "support": 40.0
      },
      "accuracy": 0.6996606334841629,
      "macro avg": {
        "precision": 0.12470928002664212,
        "recall": 0.2693877551020408,
        "f1-score": 0.1603601347832418,
        "support": 3536.0
      },
      "weighted avg": {
        "precision": 0.5116083336604296,
        "recall": 0.6996606334841629,
        "f1-score": 0.5889292091248751,
        "support": 3536.0
      }
    },
    "cm": [
      [
        34,
        0,
        0,
        0,
        0,
        0,
        0,
        0,
        15,
        0
      ],
      [
        0,
        0,
        0,
        0,
        0,
        0,
        0,
        0,
        37,
        0
      ],
      [
        37,
        0,
        0,
        0,
        0,
        0,
        0,
        0,
        15,
        0
      ],
      [
        37,
        0,
        0,
        0,
        0,
        0,
        0,
        0,
        12,
        0
      ],
      [
        0,
        0,
        0,
        0,
        2403,
        0,
        0,
        0,
        0,
        0
      ],
      [
        0,
        0,
        0,
        0,
        318,
        0,
        0,
        0,
        0,
        0
      ],
      [
        0,
        0,
        0,
        0,
        511,
        0,
        0,
        0,
        0,
        0
      ],
      [
        0,
        0,
        0,
        0,
        0,
        0,
        0,
        0,
        40,
        0
      ],
      [
        0,
        0,
        0,
        0,
        0,
        0,
        0,
        0,
        37,
        0
      ],
      [
        0,
        0,
        0,
        0,
        0,
        0,
        0,
        0,
        40,
        0
      ]
    ]
  },
  "rf": {
    "val_auc": 0.9938954829869869,
    "test_auc": 0.9938017708999978,
    "val_ap": null,
    "test_ap": null,
    "report": {
      "Clear": {
        "precision": 0.3,
        "recall": 0.30612244897959184,
        "f1-score": 0.30303030303030304,
        "support": 49.0
      },
      "Customs": {
        "precision": 0.75,
        "recall": 0.7297297297297297,
        "f1-score": 0.7397260273972602,
        "support": 37.0
      },
      "Detour": {
        "precision": 0.3090909090909091,
        "recall": 0.3269230769230769,
        "f1-score": 0.3177570093457944,
        "support": 52.0
      },
      "Heavy": {
        "precision": 0.24444444444444444,
        "recall": 0.22448979591836735,
        "f1-score": 0.23404255319148937,
        "support": 49.0
      },
      "High Risk": {
        "precision": 1.0,
        "recall": 1.0,
        "f1-score": 1.0,
        "support": 2403.0
      },
      "Low Risk": {
        "precision": 1.0,
        "recall": 1.0,
        "f1-score": 1.0,
        "support": 318.0
      },
      "Moderate Risk": {
        "precision": 1.0,
        "recall": 1.0,
        "f1-score": 1.0,
        "support": 511.0
      },
      "Shortage": {
        "precision": 0.7619047619047619,
        "recall": 0.8,
        "f1-score": 0.7804878048780488,
        "support": 40.0
      },
      "Strike": {
        "precision": 0.84375,
        "recall": 0.7297297297297297,
        "f1-score": 0.782608695652174,
        "support": 37.0
      },
      "Weather": {
        "precision": 0.6818181818181818,
        "recall": 0.75,
        "f1-score": 0.7142857142857143,
        "support": 40.0
      },
      "accuracy": 0.9589932126696833,
      "macro avg": {
        "precision": 0.6891008297258298,
        "recall": 0.6866994781280495,
        "f1-score": 0.6871938107780784,
        "support": 3536.0
      },
      "weighted avg": {
        "precision": 0.9591256144794749,
        "recall": 0.9589932126696833,
        "f1-score": 0.9589811255543632,
        "support": 3536.0
      }
    },
    "cm": [
      [
        15,
        0,
        19,
        15,
        0,
        0,
        0,
        0,
        0,
        0
      ],
      [
        0,
        27,
        0,
        0,
        0,
        0,
        0,
        3,
        1,
        6
      ],
      [
        16,
        0,
        17,
        19,
        0,
        0,
        0,
        0,
        0,
        0
      ],
      [
        19,
        0,
        19,
        11,
        0,
        0,
        0,
        0,
        0,
        0
      ],
      [
        0,
        0,
        0,
        0,
        2403,
        0,
        0,
        0,
        0,
        0
      ],
      [
        0,
        0,
        0,
        0,
        0,
        318,
        0,
        0,
        0,
        0
      ],
      [
        0,
        0,
        0,
        0,
        0,
        0,
        511,
        0,
        0,
        0
      ],
      [
        0,
        3,
        0,
        0,
        0,
        0,
        0,
        32,
        0,
        5
      ],
      [
        0,
        3,
        0,
        0,
        0,
        0,
        0,
        4,
        27,
        3
      ],
      [
        0,
        3,
        0,
        0,
        0,
        0,
        0,
        3,
        4,
        30
      ]
    ]
  }
}