{
  "logreg": {
    "f1_macro": 0.7505935893630877,
    "val_auc": 0.8870556892805629,
    "test_auc": 0.893349486214937,
    "report": {
      "High Risk": {
        "precision": 0.9314655172413793,
        "recall": 0.8992925509779442,
        "f1-score": 0.9150963370738937,
        "support": 2403.0
      },
      "Low Risk": {
        "precision": 0.6074950690335306,
        "recall": 0.9685534591194969,
        "f1-score": 0.7466666666666667,
        "support": 318.0
      },
      "Moderate Risk": {
        "precision": 0.3851851851851852,
        "recall": 0.30528375733855184,
        "f1-score": 0.3406113537117904,
        "support": 511.0
      },
      "Other": {
        "precision": 1.0,
        "recall": 1.0,
        "f1-score": 1.0,
        "support": 304.0
      },
      "accuracy": 0.8283371040723982,
      "macro avg": {
        "precision": 0.7310364428650238,
        "recall": 0.7932824418589983,
        "f1-score": 0.7505935893630877,
        "support": 3536.0
      },
      "weighted avg": {
        "precision": 0.8292773471474342,
        "recall": 0.8283371040723982,
        "f1-score": 0.8242276300156368,
        "support": 3536.0
      }
    },
    "cm": [
      [
        2161,
        3,
        239,
        0
      ],
      [
        0,
        308,
        10,
        0
      ],
      [
        159,
        196,
        156,
        0
      ],
      [
        0,
        0,
        0,
        304
      ]
    ]
  },
  "rf": {
    "f1_macro": 0.3719721145157785,
    "val_auc": 1.0,
    "test_auc": 1.0,
    "report": {
      "High Risk": {
        "precision": 0.7094774136403897,
        "recall": 1.0,
        "f1-score": 0.8300518134715026,
        "support": 2403.0
      },
      "Low Risk": {
        "precision": 0.0,
        "recall": 0.0,
        "f1-score": 0.0,
        "support": 318.0
      },
      "Moderate Risk": {
        "precision": 0.0,
        "recall": 0.0,
        "f1-score": 0.0,
        "support": 511.0
      },
      "Other": {
        "precision": 1.0,
        "recall": 0.4901315789473684,
        "f1-score": 0.6578366445916115,
        "support": 304.0
      },
      "accuracy": 0.7217194570135747,
      "macro avg": {
        "precision": 0.4273693534100974,
        "recall": 0.3725328947368421,
        "f1-score": 0.3719721145157785,
        "support": 3536.0
      },
      "weighted avg": {
        "precision": 0.5681205387380817,
        "recall": 0.7217194570135747,
        "f1-score": 0.6206439049004159,
        "support": 3536.0
      }
    },
    "cm": [
      [
        2403,
        0,
        0,
        0
      ],
      [
        318,
        0,
        0,
        0
      ],
      [
        511,
        0,
        0,
        0
      ],
      [
        155,
        0,
        0,
        149
      ]
    ]
  }
}