{
  "logreg_multi": {
    "val_report": {
      "Minor delay": {
        "precision": 0.10709010339734121,
        "recall": 0.4084507042253521,
        "f1-score": 0.16968987712112346,
        "support": 355.0
      },
      "Moderate delay": {
        "precision": 0.18609406952965235,
        "recall": 0.30847457627118646,
        "f1-score": 0.23214285714285715,
        "support": 590.0
      },
      "On-time": {
        "precision": 0.17260579064587972,
        "recall": 0.2444794952681388,
        "f1-score": 0.20234986945169714,
        "support": 634.0
      },
      "Severe delay": {
        "precision": 0.5915032679738562,
        "recall": 0.09248850281042412,
        "f1-score": 0.15996464869642069,
        "support": 1957.0
      },
      "accuracy": 0.1875,
      "macro avg": {
        "precision": 0.26432330788668235,
        "recall": 0.2634733196437754,
        "f1-score": 0.1910368131030246,
        "support": 3536.0
      },
      "weighted avg": {
        "precision": 0.4001177755720801,
        "recall": 0.1875,
        "f1-score": 0.18058394423743093,
        "support": 3536.0
      }
    },
    "test_report": {
      "Minor delay": {
        "precision": 0.10656934306569343,
        "recall": 0.39037433155080214,
        "f1-score": 0.16743119266055045,
        "support": 374.0
      },
      "Moderate delay": {
        "precision": 0.1750255885363357,
        "recall": 0.27229299363057324,
        "f1-score": 0.2130841121495327,
        "support": 628.0
      },
      "On-time": {
        "precision": 0.1735261401557286,
        "recall": 0.2508038585209003,
        "f1-score": 0.20512820512820512,
        "support": 622.0
      },
      "Severe delay": {
        "precision": 0.5793103448275863,
        "recall": 0.08786610878661087,
        "f1-score": 0.15258855585831063,
        "support": 1912.0
      },
      "accuracy": 0.18127828054298642,
      "macro avg": {
        "precision": 0.258607854146336,
        "recall": 0.25033432312222165,
        "f1-score": 0.18455801644914974,
        "support": 3536.0
      },
      "weighted avg": {
        "precision": 0.38612772692154873,
        "recall": 0.18127828054298642,
        "f1-score": 0.17414455624315217,
        "support": 3536.0
      }
    },
    "confusion_matrix": [
      [
        146,
        107,
        94,
        27
      ],
      [
        236,
        171,
        171,
        50
      ],
      [
        247,
        174,
        156,
        45
      ],
      [
        741,
        525,
        478,
        168
      ]
    ],
    "classes": [
      "Minor delay",
      "Moderate delay",
      "On-time",
      "Severe delay"
    ]
  },
  "rf_multi": {
    "val_report": {
      "Minor delay": {
        "precision": 0.08917197452229299,
        "recall": 0.23661971830985915,
        "f1-score": 0.1295296838858905,
        "support": 355.0
      },
      "Moderate delay": {
        "precision": 0.1614457831325301,
        "recall": 0.2271186440677966,
        "f1-score": 0.18873239436619718,
        "support": 590.0
      },
      "On-time": {
        "precision": 0.18085106382978725,
        "recall": 0.24132492113564669,
        "f1-score": 0.20675675675675675,
        "support": 634.0
      },
      "Severe delay": {
        "precision": 0.5610021786492375,
        "recall": 0.2631578947368421,
        "f1-score": 0.3582608695652174,
        "support": 1957.0
      },
      "accuracy": 0.2505656108597285,
      "macro avg": {
        "precision": 0.24811775003346195,
        "recall": 0.2420552945625361,
        "f1-score": 0.22081992614351548,
        "support": 3536.0
      },
      "weighted avg": {
        "precision": 0.3788037050588941,
        "recall": 0.2505656108597285,
        "f1-score": 0.27984599999390886,
        "support": 3536.0
      }
    },
    "test_report": {
      "Minor delay": {
        "precision": 0.10665258711721225,
        "recall": 0.2700534759358289,
        "f1-score": 0.15291445874337622,
        "support": 374.0
      },
      "Moderate delay": {
        "precision": 0.1583610188261351,
        "recall": 0.22770700636942676,
        "f1-score": 0.1868060091443501,
        "support": 628.0
      },
      "On-time": {
        "precision": 0.16748768472906403,
        "recall": 0.21864951768488747,
        "f1-score": 0.1896792189679219,
        "support": 622.0
      },
      "Severe delay": {
        "precision": 0.5194508009153318,
        "recall": 0.23744769874476987,
        "f1-score": 0.32591529073941133,
        "support": 1912.0
      },
      "accuracy": 0.23585972850678733,
      "macro avg": {
        "precision": 0.2379880228969358,
        "recall": 0.23846442468372825,
        "f1-score": 0.21382874439876493,
        "support": 3536.0
      },
      "weighted avg": {
        "precision": 0.3497471885340052,
        "recall": 0.23585972850678733,
        "f1-score": 0.25894646250126596,
        "support": 3536.0
      }
    },
    "confusion_matrix": [
      [
        101,
        101,
        79,
        93
      ],
      [
        161,
        143,
        159,
        165
      ],
      [
        169,
        155,
        136,
        162
      ],
      [
        516,
        504,
        438,
        454
      ]
    ],
    "classes": [
      "Minor delay",
      "Moderate delay",
      "On-time",
      "Severe delay"
    ]
  },
  "xgb_multi": {
    "val_report": {
      "Minor delay": {
        "precision": 0.09438470728793309,
        "recall": 0.22253521126760564,
        "f1-score": 0.1325503355704698,
        "support": 355.0
      },
      "Moderate delay": {
        "precision": 0.16744186046511628,
        "recall": 0.2440677966101695,
        "f1-score": 0.1986206896551724,
        "support": 590.0
      },
      "On-time": {
        "precision": 0.17905405405405406,
        "recall": 0.250788643533123,
        "f1-score": 0.20893561103810776,
        "support": 634.0
      },
      "Severe delay": {
        "precision": 0.5583596214511041,
        "recall": 0.27133367399080227,
        "f1-score": 0.36519944979367264,
        "support": 1957.0
      },
      "accuracy": 0.2582013574660634,
      "macro avg": {
        "precision": 0.24981006081455187,
        "recall": 0.24718133135042514,
        "f1-score": 0.22632652151435567,
        "support": 3536.0
      },
      "weighted avg": {
        "precision": 0.3785427936119106,
        "recall": 0.2582013574660634,
        "f1-score": 0.2860299990578185,
        "support": 3536.0
      }
    },
    "test_report": {
      "Minor delay": {
        "precision": 0.12472406181015452,
        "recall": 0.30213903743315507,
        "f1-score": 0.1765625,
        "support": 374.0
      },
      "Moderate delay": {
        "precision": 0.16941176470588235,
        "recall": 0.22929936305732485,
        "f1-score": 0.19485791610284167,
        "support": 628.0
      },
      "On-time": {
        "precision": 0.18015963511972635,
        "recall": 0.2540192926045016,
        "f1-score": 0.21080720480320214,
        "support": 622.0
      },
      "Severe delay": {
        "precision": 0.5581395348837209,
        "recall": 0.26359832635983266,
        "f1-score": 0.3580817051509769,
        "support": 1912.0
      },
      "accuracy": 0.2598981900452489,
      "macro avg": {
        "precision": 0.25810874912987103,
        "recall": 0.26226400486370355,
        "f1-score": 0.2350773315142552,
        "support": 3536.0
      },
      "weighted avg": {
        "precision": 0.3767702124135849,
        "recall": 0.2598981900452489,
        "f1-score": 0.28398740043802156,
        "support": 3536.0
      }
    },
    "confusion_matrix": [
      [
        113,
        91,
        82,
        88
      ],
      [
        160,
        144,
        172,
        152
      ],
      [
        143,
        162,
        158,
        159
      ],
      [
        490,
        453,
        465,
        504
      ]
    ],