{
  "logreg_multi": {
    "val_report": {
      "Minor delay": {
        "precision": 0.0,
        "recall": 0.0,
        "f1-score": 0.0,
        "support": 527.0
      },
      "Moderate delay": {
        "precision": 0.0,
        "recall": 0.0,
        "f1-score": 0.0,
        "support": 902.0
      },
      "On-time": {
        "precision": 0.0,
        "recall": 0.0,
        "f1-score": 0.0,
        "support": 929.0
      },
      "Severe delay": {
        "precision": 0.5517110266159696,
        "recall": 1.0,
        "f1-score": 0.7111002205341828,
        "support": 2902.0
      },
      "accuracy": 0.5517110266159696,
      "macro avg": {
        "precision": 0.1379277566539924,
        "recall": 0.25,
        "f1-score": 0.1777750551335457,
        "support": 5260.0
      },
      "weighted avg": {
        "precision": 0.30438505688964707,
        "recall": 0.5517110266159696,
        "f1-score": 0.3923218326977563,
        "support": 5260.0
      }
    },
    "test_report": {
      "Minor delay": {
        "precision": 0.0,
        "recall": 0.0,
        "f1-score": 0.0,
        "support": 558.0
      },
      "Moderate delay": {
        "precision": 0.0,
        "recall": 0.0,
        "f1-score": 0.0,
        "support": 910.0
      },
      "On-time": {
        "precision": 0.0,
        "recall": 0.0,
        "f1-score": 0.0,
        "support": 957.0
      },
      "Severe delay": {
        "precision": 0.5389733840304183,
        "recall": 1.0,
        "f1-score": 0.7004323656578134,
        "support": 2835.0
      },
      "accuracy": 0.5389733840304183,
      "macro avg": {
        "precision": 0.13474334600760457,
        "recall": 0.25,
        "f1-score": 0.17510809141445335,
        "support": 5260.0
      },
      "weighted avg": {
        "precision": 0.2904923086932007,
        "recall": 0.5389733840304183,
        "f1-score": 0.377514402403023,
        "support": 5260.0
      }
    },
    "confusion_matrix": [
      [
        0,
        0,
        0,
        558
      ],
      [
        0,
        0,
        0,
        910
      ],
      [
        0,
        0,
        0,
        957
      ],
      [
        0,
        0,
        0,
        2835
      ]
    ],
    "classes": [
      "Minor delay",
      "Moderate delay",
      "On-time",
      "Severe delay"
    ]
  },
  "rf_multi": {
    "val_report": {
      "Minor delay": {
        "precision": 0.07650273224043716,
        "recall": 0.026565464895635674,
        "f1-score": 0.03943661971830986,
        "support": 527.0
      },
      "Moderate delay": {
        "precision": 0.16502463054187191,
        "recall": 0.14855875831485588,
        "f1-score": 0.15635939323220538,
        "support": 902.0
      },
      "On-time": {
        "precision": 0.18232044198895028,
        "recall": 0.03552206673842842,
        "f1-score": 0.05945945945945946,
        "support": 929.0
      },
      "Severe delay": {
        "precision": 0.5514201762977473,
        "recall": 0.7760165403170227,
        "f1-score": 0.6447180074434583,
        "support": 2902.0
      },
      "accuracy": 0.4625475285171103,
      "macro avg": {
        "precision": 0.24381699526725167,
        "recall": 0.24666570756648568,
        "f1-score": 0.22499336996335825,
        "support": 5260.0
      },
      "weighted avg": {
        "precision": 0.3723890111907369,
        "recall": 0.4625475285171103,
        "f1-score": 0.39696364386421146,
        "support": 5260.0
      }
    },
    "test_report": {
      "Minor delay": {
        "precision": 0.10292005744375299,
        "recall": 0.38530465949820786,
        "f1-score": 0.1624480544012089,
        "support": 558.0
      },
      "Moderate delay": {
        "precision": 0.16757741347905283,
        "recall": 0.1010989010989011,
        "f1-score": 0.12611377655928718,
        "support": 910.0
      },
      "On-time": {
        "precision": 0.15517241379310345,
        "recall": 0.09404388714733543,
        "f1-score": 0.11711125569290826,
        "support": 957.0
      },
      "Severe delay": {
        "precision": 0.5308521057786484,
        "recall": 0.38236331569664905,
        "f1-score": 0.44453557514865694,
        "support": 2835.0
      },
      "accuracy": 0.28155893536121673,
      "macro avg": {
        "precision": 0.23913049762363942,
        "recall": 0.24070269086027338,
        "f1-score": 0.2125521654505153,
        "support": 5260.0
      },
      "weighted avg": {
        "precision": 0.35425676011445256,
        "recall": 0.28155893536121673,
        "f1-score": 0.29995121259874175,
        "support": 5260.0
      }
    },
    "confusion_matrix": [
      [
        215,
        57,
        72,
        214
      ],
      [
        350,
        92,
        106,
        362
      ],
      [
        382,
        103,
        90,
        382
      ],
      [
        1142,
        297,
        312,
        1084
      ]
    ],
    "classes": [
      "Minor delay",
      "Moderate delay",
      "On-time",
      "Severe delay"
    ]
  },
  "xgb_multi": {
    "val_report": {
      "Minor delay": {
        "precision": 0.0,
        "recall": 0.0,
        "f1-score": 0.0,
        "support": 527.0
      },
      "Moderate delay": {
        "precision": 0.0,
        "recall": 0.0,
        "f1-score": 0.0,
        "support": 902.0
      },
      "On-time": {
        "precision": 0.23529411764705882,
        "recall": 0.021528525296017224,
        "f1-score": 0.03944773175542406,
        "support": 929.0
      },
      "Severe delay": {
        "precision": 0.5514975845410628,
        "recall": 0.983459682977257,
        "f1-score": 0.7066980314473196,
        "support": 2902.0
      },
      "accuracy": 0.5463878326996198,
      "macro avg": {
        "precision": 0.19669792554703042,
        "recall": 0.25124705206831854,
        "f1-score": 0.1865364408006859,
        "support": 5260.0
      },
      "weighted avg": {
        "precision": 0.3458239972684946,
        "recall": 0.5463878326996198,
        "f1-score": 0.39686019582907045,
        "support": 5260.0
      }
    },
    "test_report": {
      "Minor delay": {
        "precision": 0.0,
        "recall": 0.0,
        "f1-score": 0.0,
        "support": 558.0
      },
      "Moderate delay": {
        "precision": 0.0,
        "recall": 0.0,
        "f1-score": 0.0,
        "support": 910.0
      },
      "On-time": {
        "precision": 0.16042780748663102,
        "recall": 0.03134796238244514,
        "f1-score": 0.05244755244755245,
        "support": 957.0
      },
      "Severe delay": {
        "precision": 0.5391287206780997,
        "recall": 0.9647266313932981,
        "f1-score": 0.691704602933738,
        "support": 2835.0
      },
      "accuracy": 0.5256653992395437,
      "macro avg": {
        "precision": 0.17488913204118267,
        "recall": 0.2490186484439358,
        "f1-score": 0.1860380388453226,
        "support": 5260.0
      },
      "weighted avg": {
        "precision": 0.31976413210781723,
        "recall": 0.5256653992395437,
        "f1-score": 0.3823526344124439,
        "support": 5260.0
      }
    },
    "confusion_matrix": [
      [
        0,
        0,
        21,
        537
      ],
      [
        0,
        0,
        36,
        874
      ],
      [
        0,
        0,
        30,
        927
      ],
      [
        0,
        0,
        100,
        2735
      ]
    ],
    "classes": [
      "Minor delay",
      "Moderate delay",
      "On-time",
      "Severe delay"
    ]
  },
  "logreg_binary": {
    "val_report": {
      "Not Severe": {
        "precision": 0.0,
        "recall": 0.0,
        "f1-score": 0.0,
        "support": 2358.0
      },
      "Severe": {
        "precision": 0.5517110266159696,
        "recall": 1.0,
        "f1-score": 0.7111002205341828,
        "support": 2902.0
      },
      "accuracy": 0.5517110266159696,
      "macro avg": {
        "precision": 0.2758555133079848,
        "recall": 0.5,