{
  "ridge": {
    "val_mae": 3.458303148710451,
    "test_mae": 3.458359822398342,
    "val_r2": 4.226186597600101e-05,
    "test_r2": -0.000325050995815479
  },
  "rfr": {
    "val_mae": 3.4700745052281987,
    "test_mae": 3.453696563650354,
    "val_r2": -0.012185057476340466,
    "test_r2": -0.005623929230896163
  }
}