{
  "ridge": {
    "val_mae": 3.7273012231679155,
    "test_mae": 3.75240987957922,
    "val_r2": -0.18695210459999423,
    "test_r2": -0.20075870389414563
  },
  "rf": {
    "val_mae": 3.85544477432988,
    "test_mae": 3.8217518036153106,
    "val_r2": -0.33235651263683796,
    "test_r2": -0.32154699598664327
  },
  "gbr": {
    "val_mae": 3.733484389625594,
    "test_mae": 3.747744729357514,
    "val_r2": -0.19367458344227595,
    "test_r2": -0.19788753324104413
  },
  "xgb": {
    "val_mae": 3.7415767516728176,
    "test_mae": 3.8148847924111284,
    "val_r2": -0.19977339138453298,
    "test_r2": -0.2575807397432919
  }
}